{
	"info": {
		"_postman_id": "0bbaf235-f6a4-4a52-960d-6ec2a08b666e",
		"name": "Simple Grocery Store API",
		"schema": "https://schema.getpostman.com/json/collection/v2.1.0/collection.json",
		"_exporter_id": "451413",
		"_collection_link": "https://winter-capsule-321273.postman.co/workspace/Deck-of-Cards-API~94b22621-6af6-4fde-abf5-1961b5cfc131/collection/451413-0bbaf235-f6a4-4a52-960d-6ec2a08b666e?action=share&source=collection_link&creator=451413"
	},
	"item": [
		{
			"name": "Status",
			"item": [
				{
					"name": "GET",
					"item": [
						{
							"name": "API Status",
							"request": {
								"method": "GET",
								"header": [],
								"url": {
									"raw": "{{baseUrl}}/status",
									"host": [
										"{{baseUrl}}"
									],
									"path": [
										"status"
									]
								},
								"description": "```\nReturns the status of the Simple Grocery Store API API.\n\n ```"
							},
							"response": []
						}
					]
				}
			]
		},
		{
			"name": "Products",
			"item": [
				{
					"name": "GET",
					"item": [
						{
							"name": "Get all products",
							"request": {
								"method": "GET",
								"header": [],
								"url": {
									"raw": "{{baseUrl}}/products",
									"host": [
										"{{baseUrl}}"
									],
									"path": [
										"products"
									],
									"query": [
										{
											"key": "category",
											"value": "fresh-produce",
											"disabled": true
										},
										{
											"key": "results",
											"value": "8",
											"disabled": true
										}
									]
								}
							},
							"response": []
						},
						{
							"name": "Get a product",
							"request": {
								"method": "GET",
								"header": [],
								"url": {
									"raw": "{{baseUrl}}/products/:productId",
									"host": [
										"{{baseUrl}}"
									],
									"path": [
										"products",
										":productId"
									],
									"variable": [
										{
											"key": "productId",
											"value": "4643"
										}
									]
								}
							},
							"response": []
						}
					]
				}
			]
		},
		{
			"name": "Cart",
			"item": [
				{
					"name": "GET",
					"item": [
						{
							"name": "Get a cart",
							"request": {
								"method": "GET",
								"header": [],
								"url": {
									"raw": "{{baseUrl}}/carts/:cartId",
									"host": [
										"{{baseUrl}}"
									],
									"path": [
										"carts",
										":cartId"
									],
									"variable": [
										{
											"key": "cartId",
											"value": "{{cartId}}"
										}
									]
								}
							},
							"response": []
						},
						{
							"name": "Get cart items",
							"request": {
								"method": "GET",
								"header": [],
								"url": {
									"raw": "{{baseUrl}}/carts/:cartId/items",
									"host": [
										"{{baseUrl}}"
									],
									"path": [
										"carts",
										":cartId",
										"items"
									],
									"variable": [
										{
											"key": "cartId",
											"value": "{{cartId}}"
										}
									]
								}
							},
							"response": []
						}
					]
				},
				{
					"name": "POST",
					"item": [
						{
							"name": "Create a new cart",
							"request": {
								"method": "POST",
								"header": [],
								"url": {
									"raw": "{{baseUrl}}/carts",
									"host": [
										"{{baseUrl}}"
									],
									"path": [
										"carts"
									]
								}
							},
							"response": []
						},
						{
							"name": "Add an item to cart",
							"request": {
								"method": "POST",
								"header": [],
								"body": {
									"mode": "raw",
									"raw": "{\r\n   \"productId\": 4643,\r\n   \"quantity\": 8\r\n}",
									"options": {
										"raw": {
											"language": "json"
										}
									}
								},
								"url": {
									"raw": "{{baseUrl}}/carts/:cartId/items",
									"host": [
										"{{baseUrl}}"
									],
									"path": [
										"carts",
										":cartId",
										"items"
									],
									"variable": [
										{
											"key": "cartId",
											"value": "{{cartId}}"
										}
									]
								}
							},
							"response": []
						}
					]
				},
				{
					"name": "DELETE",
					"item": [
						{
							"name": "Delete an item in the cart",
							"request": {
								"method": "DELETE",
								"header": [],
								"url": {
									"raw": "{{baseUrl}}/carts/:cartId/items/:itemId",
									"host": [
										"{{baseUrl}}"
									],
									"path": [
										"carts",
										":cartId",
										"items",
										":itemId"
									],
									"variable": [
										{
											"key": "cartId",
											"value": "{{cartId}}"
										},
										{
											"key": "itemId",
											"value": "166699729"
										}
									]
								}
							},
							"response": []
						}
					]
				},
				{
					"name": "PATCH",
					"item": [
						{
							"name": "Modify an item in the cart",
							"request": {
								"method": "PATCH",
								"header": [],
								"body": {
									"mode": "raw",
									"raw": "{\r\n   \"quantity\": 3\r\n}",
									"options": {
										"raw": {
											"language": "json"
										}
									}
								},
								"url": {
									"raw": "{{baseUrl}}/carts/:cartId/items/:itemId",
									"host": [
										"{{baseUrl}}"
									],
									"path": [
										"carts",
										":cartId",
										"items",
										":itemId"
									],
									"variable": [
										{
											"key": "cartId",
											"value": "{{cartId}}"
										},
										{
											"key": "itemId",
											"value": "680457108"
										}
									]
								}
							},
							"response": []
						}
					]
				},
				{
					"name": "PUT",
					"item": [
						{
							"name": "Replace an item in the cart",
							"request": {
								"method": "PUT",
								"header": [],
								"body": {
									"mode": "raw",
									"raw": "{\r\n   \"productId\": 4643,\r\n   \"quantity\": 10\r\n}",
									"options": {
										"raw": {
											"language": "json"
										}
									}
								},
								"url": {
									"raw": "{{baseUrl}}/carts/:cartId/items/:itemId",
									"host": [
										"{{baseUrl}}"
									],
									"path": [
										"carts",
										":cartId",
										"items",
										":itemId"
									],
									"variable": [
										{
											"key": "cartId",
											"value": "{{cartId}}"
										},
										{
											"key": "itemId",
											"value": "680457108"
										}
									]
								}
							},
							"response": []
						}
					]
				}
			]
		},
		{
			"name": "Orders",
			"item": [
				{
					"name": "POST",
					"item": [
						{
							"name": "Create a new order",
							"request": {
								"auth": {
									"type": "bearer",
									"bearer": [
										{
											"key": "token",
											"value": "{{accesToken}}",
											"type": "string"
										}
									]
								},
								"method": "POST",
								"header": [],
								"body": {
									"mode": "raw",
									"raw": "{\r\n    \"cartId\": \"ECqaViREb6TPZJMH15SQ_\",\r\n    \"customerName\": \"John Doe\"\r\n}",
									"options": {
										"raw": {
											"language": "json"
										}
									}
								},
								"url": {
									"raw": "{{baseUrl}}/orders",
									"host": [
										"{{baseUrl}}"
									],
									"path": [
										"orders"
									]
								}
							},
							"response": []
						}
					]
				},
				{
					"name": "GET",
					"item": [
						{
							"name": "Get all orders",
							"request": {
								"auth": {
									"type": "bearer",
									"bearer": [
										{
											"key": "token",
											"value": "{{accesToken}}",
											"type": "string"
										}
									]
								},
								"method": "GET",
								"header": [],
								"url": {
									"raw": "{{baseUrl}}/orders",
									"host": [
										"{{baseUrl}}"
									],
									"path": [
										"orders"
									]
								}
							},
							"response": []
						},
						{
							"name": "Get a single order",
							"request": {
								"auth": {
									"type": "bearer",
									"bearer": [
										{
											"key": "token",
											"value": "{{accesToken}}",
											"type": "string"
										}
									]
								},
								"method": "GET",
								"header": [],
								"url": {
									"raw": "{{baseUrl}}/orders/:orderId?invoice=false",
									"host": [
										"{{baseUrl}}"
									],
									"path": [
										"orders",
										":orderId"
									],
									"query": [
										{
											"key": "invoice",
											"value": "false"
										}
									],
									"variable": [
										{
											"key": "orderId",
											"value": "O9q1qoNZW8crf0XiA-XUD"
										}
									]
								}
							},
							"response": []
						}
					]
				},
				{
					"name": "PATCH",
					"item": [
						{
							"name": "Update an order",
							"request": {
								"auth": {
									"type": "bearer",
									"bearer": [
										{
											"key": "token",
											"value": "{{accesToken}}",
											"type": "string"
										}
									]
								},
								"method": "PATCH",
								"header": [],
								"body": {
									"mode": "raw",
									"raw": "{\r\n    \"customerName\" : \"Joe Doe\",\r\n    \"comment\" : \"Update information in the customerName field.\"\r\n}",
									"options": {
										"raw": {
											"language": "json"
										}
									}
								},
								"url": {
									"raw": "{{baseUrl}}/orders/:orderId",
									"host": [
										"{{baseUrl}}"
									],
									"path": [
										"orders",
										":orderId"
									],
									"variable": [
										{
											"key": "orderId",
											"value": "O9q1qoNZW8crf0XiA-XUD"
										}
									]
								}
							},
							"response": []
						}
					]
				},
				{
					"name": "DELETE",
					"item": [
						{
							"name": "Delete an order",
							"request": {
								"auth": {
									"type": "bearer",
									"bearer": [
										{
											"key": "token",
											"value": "{{accesToken}}",
											"type": "string"
										}
									]
								},
								"method": "DELETE",
								"header": [],
								"url": {
									"raw": "{{baseUrl}}/orders/:orderId",
									"host": [
										"{{baseUrl}}"
									],
									"path": [
										"orders",
										":orderId"
									],
									"variable": [
										{
											"key": "orderId",
											"value": "O9q1qoNZW8crf0XiA-XUD"
										}
									]
								}
							},
							"response": []
						}
					]
				}
			]
		},
		{
			"name": "API Authentication",
			"item": [
				{
					"name": "POST",
					"item": [
						{
							"name": "Register a new API client",
							"request": {
								"method": "POST",
								"header": [],
								"body": {
									"mode": "raw",
									"raw": "{\r\n   \"clientName\": \"Postman on Valentin's computer\",\r\n   \"clientEmail\": \"alexandre.brazil@example.com\"\r\n}",
									"options": {
										"raw": {
											"language": "json"
										}
									}
								},
								"url": {
									"raw": "{{baseUrl}}/api-clients",
									"host": [
										"{{baseUrl}}"
									],
									"path": [
										"api-clients"
									]
								}
							},
							"response": []
						}
					]
				}
			]
		}
	],
	"event": [
		{
			"listen": "prerequest",
			"script": {
				"type": "text/javascript",
				"packages": {},
				"exec": [
					""
				]
			}
		},
		{
			"listen": "test",
			"script": {
				"type": "text/javascript",
				"packages": {},
				"exec": [
					""
				]
			}
		}
	],
	"variable": [
		{
			"key": "baseUrl",
			"value": "Base URL"
		},
		{
			"key": "accesToken",
			"value": "Your Acces Token",
			"type": "string"
		},
		{
			"key": "cartId",
			"value": "Your cartId",
			"type": "string"
		}
	]
}